date,open,high,low,close,volume,unadjustedVolume,change,changePercent,vwap,label,changeOverTime
2017-02-27,110.65,112.2697,110.37,111.75,7276445,7276445,1.63,1.48,111.703,"Feb 27, 17",0
2017-02-28,111.66,112.76,111.49,112.5,7030223,7030223,0.75,0.671,112.1996,"Feb 28, 17",0.006711409395973154
2017-03-01,112.92,114.3932,112.88,113.88,7353829,7353829,1.38,1.227,113.7762,"Mar 1, 17",0.01906040268456372
2017-03-02,113.67,114.27,113.31,113.36,5892485,5892485,-0.52,-0.457,113.7725,"Mar 2, 17",0.014407158836689034
2017-03-03,113.76,113.89,113.21,113.55,4909979,4909979,0.19,0.168,113.5651,"Mar 3, 17",0.016107382550335544
2017-03-06,113.25,113.5,112.67,113.17,4731940,4731940,-0.38,-0.335,113.0595,"Mar 6, 17",0.012706935123042521
2017-03-07,113.54,113.88,111.69,111.81,6660335,6660335,-1.36,-1.202,112.3777,"Mar 7, 17",0.0005369127516778727
2017-03-08,111.68,111.92,109.4,109.61,9071579,9071579,-2.2,-1.968,110.2314,"Mar 8, 17",-0.019149888143176738
2017-03-09,109.31,110.17,108.51,110.04,7247427,7247427,0.43,0.392,109.3558,"Mar 9, 17",-0.015302013422818736
2017-03-10,111.4,111.4099,109.44,110.61,6560329,6560329,0.57,0.518,110.2624,"Mar 10, 17",-0.0102013422818792
2017-03-13,110.51,110.81,109.31,109.35,6369288,6369288,-1.26,-1.139,109.6943,"Mar 13, 17",-0.021476510067114145
2017-03-14,108.47,108.5737,107.12,107.36,9935732,9935732,-1.99,-1.82,107.5828,"Mar 14, 17",-0.0392841163310962
2017-03-15,108.08,108.98,107.54,108.88,9472102,9472102,1.52,1.416,108.2342,"Mar 15, 17",-0.02568232662192398
2017-03-16,108.81,108.88,107.44,107.86,8894699,8894699,-1.02,-0.937,107.826,"Mar 16, 17",-0.03480984340044743
2017-03-17,108,108.42,107.68,107.68,14353407,14353407,-0.18,-0.167,107.9534,"Mar 17, 17",-0.03642058165548092
2017-03-20,107.27,107.85,107.02,107.66,5301890,5301890,-0.02,-0.019,107.488,"Mar 20, 17",-0.036599552572706966
2017-03-21,108.06,108.23,107.4,108.04,7406294,7406294,0.38,0.353,107.8737,"Mar 21, 17",-0.03319910514541381
2017-03-22,107.65,108.85,107.52,108.39,8106844,8106844,0.35,0.324,108.1851,"Mar 22, 17",-0.030067114093959728
2017-03-23,108.29,108.86,107.75,107.87,5451228,5451228,-0.52,-0.48,108.1644,"Mar 23, 17",-0.03472035794183441
2017-03-24,107.93,108.42,107.7,107.99,6339900,6339900,0.12,0.111,108.0405,"Mar 24, 17",-0.033646532438478795
2017-03-27,107,107.35,105.82,106.28,6479407,6479407,-1.71,-1.583,106.5336,"Mar 27, 17",-0.04894854586129753
2017-03-28,106.28,107.74,106.12,107.17,6331533,6331533,0.89,0.837,107.1235,"Mar 28, 17",-0.04098434004474271
2017-03-29,106.95,108.0799,106.88,108.07,4919884,4919884,0.9,0.84,107.6885,"Mar 29, 17",-0.03293064876957501
2017-03-30,108.15,108.68,107.2,107.78,6797658,6797658,-0.29,-0.268,107.8325,"Mar 30, 17",-0.03552572706935122
2017-03-31,107.7,108.14,107.05,107.37,6158992,6158992,-0.41,-0.38,107.4851,"Mar 31, 17",-0.039194630872483184
2017-04-03,107.22,107.97,106.38,107.8,5800883,5800883,0.43,0.4,107.3511,"Apr 3, 17",-0.035346756152125305
2017-04-04,107.88,108.72,107.01,108.66,4687432,4687432,0.86,0.798,108.091,"Apr 4, 17",-0.027651006711409427
2017-04-05,109.65,110.67,108.56,108.64,6398830,6398830,-0.02,-0.018,109.6356,"Apr 5, 17",-0.02782997762863534
2017-04-06,109.12,109.65,108.75,109.29,3934462,3934462,0.65,0.598,109.2497,"Apr 6, 17",-0.02201342281879189
2017-04-07,109.38,109.58,108.665,108.86,4889412,4889412,-0.43,-0.393,109.077,"Apr 7, 17",-0.025861297539149893
2017-04-10,109.12,110.2,108.97,109.43,4812093,4812093,0.57,0.524,109.6459,"Apr 10, 17",-0.02076062639821023
2017-04-11,109.53,109.54,108.06,108.97,3956487,3956487,-0.46,-0.42,108.8296,"Apr 11, 17",-0.02487695749440717
2017-04-12,109.36,109.36,108.45,108.97,5053297,5053297,0,0,108.8269,"Apr 12, 17",-0.02487695749440717
2017-04-13,108.64,108.735,105.93,106.1,6894792,6894792,-2.87,-2.634,106.9793,"Apr 13, 17",-0.05055928411633115
2017-04-17,106.17,106.4837,105.65,106.17,5278826,5278826,0.07,0.066,105.9781,"Apr 17, 17",-0.04993288590604025
2017-04-18,105.81,106.68,105.321,105.68,4252670,4252670,-0.49,-0.462,105.8922,"Apr 18, 17",-0.054317673378076005
2017-04-19,105.89,106.14,103.83,104.23,6667880,6667880,-1.45,-1.372,104.6524,"Apr 19, 17",-0.06729306487695746
2017-04-20,104.4,105.69,104.36,104.88,4988080,4988080,0.65,0.624,105.1195,"Apr 20, 17",-0.06147651006711413
2017-04-21,104.8,105.43,104.29,104.89,5432604,5432604,0.01,0.01,104.8858,"Apr 21, 17",-0.061387024608501116
2017-04-24,105.79,106.41,105.37,105.93,4538203,4538203,1.04,0.992,105.9379,"Apr 24, 17",-0.052080536912751614
2017-04-25,106.3,106.97,106.18,106.73,4618984,4618984,0.8,0.755,106.6386,"Apr 25, 17",-0.04492170022371361
2017-04-26,106.4,107.48,105.97,106.08,6687389,6687389,-0.65,-0.609,106.5846,"Apr 26, 17",-0.05073825503355706
2017-04-27,105.96,105.98,104.67,105.47,5781839,5781839,-0.61,-0.575,105.3613,"Apr 27, 17",-0.056196868008948554
2017-04-28,107.05,107.6,105.99,106.7,6848413,6848413,1.23,1.166,106.6382,"Apr 28, 17",-0.04519015659955255
2017-05-01,106.26,106.73,105.76,105.92,4955462,4955462,-0.78,-0.731,106.1339,"May 1, 17",-0.05217002237136464
2017-05-02,106.11,106.53,105.09,105.36,5112150,5112150,-0.56,-0.529,105.8511,"May 2, 17",-0.05718120805369128
2017-05-03,105.36,107.26,105.13,106.72,5662953,5662953,1.36,1.291,106.4009,"May 3, 17",-0.045011185682326635
2017-05-04,106.24,106.33,104.14,104.81,8039858,8039858,-1.91,-1.79,104.788,"May 4, 17",-0.0621029082774049
2017-05-05,104.92,105.885,104.7,105.79,5060047,5060047,0.98,0.935,105.3777,"May 5, 17",-0.053333333333333274
2017-05-08,105.93,106.72,105.82,106.68,5175129,5175129,0.89,0.841,106.4656,"May 8, 17",-0.04536912751677846
2017-05-09,106.51,106.75,104.815,105.08,5023973,5023973,-1.6,-1.5,105.3988,"May 9, 17",-0.0596868008948546
2017-05-10,105.819,106.83,105.54,106.5,5582820,5582820,1.42,1.351,106.3909,"May 10, 17",-0.04697986577181208
2017-05-11,107.08,107.08,105.63,106.21,4632113,4632113,-0.29,-0.272,106.1824,"May 11, 17",-0.049574944071588425
2017-05-12,106.06,106.2887,105.48,105.96,4488164,4488164,-0.25,-0.235,105.8208,"May 12, 17",-0.05181208053691281
2017-05-15,107.15,107.71,106.675,106.85,6647534,6647534,0.89,0.84,107.1383,"May 15, 17",-0.04384787472035799
2017-05-16,107.57,107.66,106.94,107.25,5001388,5001388,0.4,0.374,107.1934,"May 16, 17",-0.040268456375838924
2017-05-17,105.53,106.27,104.62,104.7,6384265,6384265,-2.55,-2.378,105.2605,"May 17, 17",-0.06308724832214763
2017-05-18,104.55,105.68,103.84,105.17,5618081,5618081,0.47,0.449,104.948,"May 18, 17",-0.058881431767337795
2017-05-19,105.52,106.52,105.17,106.52,8383478,8383478,1.35,1.284,106.1178,"May 19, 17",-0.04680089485458617
2017-05-22,107.09,107.09,105.75,106.12,4491135,4491135,-0.4,-0.376,106.1632,"May 22, 17",-0.0503803131991051
2017-05-23,106.07,106.56,105.98,106.27,3457120,3457120,0.15,0.141,106.24,"May 23, 17",-0.04903803131991055
2017-05-24,106.1,106.36,105.725,106.22,3475871,3475871,-0.05,-0.047,106.0447,"May 24, 17",-0.0494854586129754
2017-05-25,106.1,106.71,104.72,105.11,5293827,5293827,-1.11,-1.045,105.4672,"May 25, 17",-0.05941834451901566
2017-05-26,105.05,105.285,104.6,104.72,3752505,3752505,-0.39,-0.371,104.842,"May 26, 17",-0.0629082774049217
2017-05-30,104.35,104.7105,103.7505,104.06,4287956,4287956,-0.66,-0.63,104.2161,"May 30, 17",-0.06881431767337806
2017-05-31,103.55,103.89,103.07,103.48,8037936,8037936,-0.58,-0.557,103.4753,"May 31, 17",-0.07400447427293061
2017-06-01,103.69,104.28,103.43,104.27,4769435,4769435,0.79,0.763,103.8985,"Jun 1, 17",-0.06693512304250562
2017-06-02,103.82,103.94,102.77,103.11,5864040,5864040,-1.16,-1.112,103.1033,"Jun 2, 17",-0.07731543624161075
2017-06-05,102.8,103.58,102.6301,103.19,4523327,4523327,0.08,0.078,103.1372,"Jun 5, 17",-0.07659955257270695
2017-06-06,103.11,104.45,102.76,104.17,4683859,4683859,0.98,0.95,103.8415,"Jun 6, 17",-0.06782997762863534
2017-06-07,103.97,104.43,102.55,103.77,7197147,7197147,-0.4,-0.384,103.4737,"Jun 7, 17",-0.0714093959731544
2017-06-08,103.44,104.74,103.44,104,6493595,6493595,0.23,0.222,104.1836,"Jun 8, 17",-0.06935123042505593
2017-06-09,104.01,106.49,104.01,106.4,6595555,6595555,2.4,2.308,105.7998,"Jun 9, 17",-0.04787472035794178
2017-06-12,107.42,108.43,107.2846,108.04,8690637,8690637,1.64,1.541,107.8151,"Jun 12, 17",-0.03319910514541381
2017-06-13,108.34,108.49,107.16,108.13,6099745,6099745,0.09,0.083,107.9293,"Jun 13, 17",-0.032393736017897135
2017-06-14,107.91,107.99,105.74,106.6,6202286,6202286,-1.53,-1.415,106.4745,"Jun 14, 17",-0.046085011185682374
2017-06-15,106.5,106.8,105.87,106.33,5441421,5441421,-0.27,-0.253,106.3113,"Jun 15, 17",-0.04850111856823268
2017-06-16,106.94,108.36,106.21,108.35,11633919,11633919,2.02,1.9,107.6531,"Jun 16, 17",-0.030425055928411684
2017-06-19,108.31,108.38,107.14,107.46,4577827,4577827,-0.89,-0.821,107.6661,"Jun 19, 17",-0.0383892617449665
2017-06-20,106.25,106.6,105.38,106.48,5171238,5171238,-0.98,-0.912,106.1605,"Jun 20, 17",-0.047158836689037996
2017-06-21,105.89,106.9,103.92,104.49,6989385,6989385,-1.99,-1.869,104.9902,"Jun 21, 17",-0.06496644295302018
2017-06-22,104.48,105.14,104.04,104.45,4197378,4197378,-0.04,-0.038,104.6218,"Jun 22, 17",-0.065324384787472
2017-06-23,104.25,105.42,104.24,105,5773319,5773319,0.55,0.527,104.9201,"Jun 23, 17",-0.06040268456375839
2017-06-26,105.03,105.19,104.03,104.14,3602490,3602490,-0.86,-0.819,104.4149,"Jun 26, 17",-0.06809843400447427
2017-06-27,104.73,104.89,104.03,104.07,4170294,4170294,-0.07,-0.067,104.4666,"Jun 27, 17",-0.06872483221476516
2017-06-28,104.43,104.9,104.04,104.28,4162306,4162306,0.21,0.202,104.4748,"Jun 28, 17",-0.0668456375838926
2017-06-29,104.38,105.15,104.05,104.12,4288630,4288630,-0.16,-0.153,104.4618,"Jun 29, 17",-0.06827740492170019
2017-06-30,104.53,104.72,103.89,104.33,5496977,5496977,0.21,0.202,104.3475,"Jun 30, 17",-0.06639821029082775
2017-07-03,104.24,106.96,104.24,106.3,4419061,4419061,1.97,1.888,106.1921,"Jul 3, 17",-0.048769574944071616
2017-07-05,105.99,106.3,104.27,104.62,4482676,4482676,-1.68,-1.58,104.8628,"Jul 5, 17",-0.0638031319910514
2017-07-06,104.67,105.13,103.71,103.82,5084808,5084808,-0.8,-0.765,104.1562,"Jul 6, 17",-0.07096196868008954
2017-07-07,103.59,103.76,102.81,103.49,6456968,6456968,-0.33,-0.318,103.368,"Jul 7, 17",-0.07391498881431773
2017-07-10,103.44,103.581,102.6,103.04,4629028,4629028,-0.45,-0.435,103.0264,"Jul 10, 17",-0.0779418344519015
2017-07-11,103.15,103.5,102.55,103.12,4322437,4322437,0.08,0.078,103.0747,"Jul 11, 17",-0.07722595078299772
2017-07-12,104,104.75,103.47,103.89,3978070,3978070,0.77,0.747,104.0567,"Jul 12, 17",-0.07033557046979866
2017-07-13,103.8,104.21,103.46,104.13,4439131,4439131,0.24,0.231,103.9495,"Jul 13, 17",-0.06818791946308729
2017-07-14,104.38,104.64,103.73,104.44,3644262,3644262,0.31,0.298,104.331,"Jul 14, 17",-0.06541387024608503
2017-07-17,104.32,104.97,104.08,104.21,5572439,5572439,-0.23,-0.22,104.4372,"Jul 17, 17",-0.0674720357941835
2017-07-18,104.6,104.6,103.51,103.72,4339385,4339385,-0.49,-0.47,103.8434,"Jul 18, 17",-0.07185682326621926
2017-07-19,103.56,104.48,103.51,104.46,4932033,4932033,0.74,0.713,104.0893,"Jul 19, 17",-0.06523489932885912
2017-07-20,105,105.37,103.815,104.63,5367835,5367835,0.17,0.163,104.6667,"Jul 20, 17",-0.06371364653243852
2017-07-21,104.18,104.38,103.15,103.25,5304114,5304114,-1.38,-1.319,103.5179,"Jul 21, 17",-0.07606263982102908
2017-07-24,103.18,103.57,102.92,103.2,4080357,4080357,-0.05,-0.048,103.1951,"Jul 24, 17",-0.07651006711409393
2017-07-25,104.45,105.15,104.32,104.39,7093841,7093841,1.19,1.153,104.6551,"Jul 25, 17",-0.06586129753914988
2017-07-26,104.63,106.08,104.2,105.12,5881400,5881400,0.73,0.699,105.3254,"Jul 26, 17",-0.059328859060402646
2017-07-27,104.88,106.3166,104.61,106.11,5888389,5888389,0.99,0.942,105.7416,"Jul 27, 17",-0.050469798657718126
2017-07-28,106.71,109.13,106.36,108.12,7812602,7812602,2.01,1.894,108.201,"Jul 28, 17",-0.032483221476510026
2017-07-31,108.39,110,108.15,109.19,7561205,7561205,1.07,0.99,109.3911,"Jul 31, 17",-0.02290827740492172
2017-08-01,109.81,110.29,109.5801,109.78,3642129,3642129,0.59,0.54,109.8954,"Aug 1, 17",-0.01762863534675614
2017-08-02,110.39,111.195,109.85,110.46,6212303,6212303,0.68,0.619,110.5622,"Aug 2, 17",-0.011543624161073882
2017-08-03,110.23,110.45,109.05,109.43,5605443,5605443,-1.03,-0.932,109.6681,"Aug 3, 17",-0.02076062639821023
2017-08-04,109.43,110.2,109.43,110.11,4643512,4643512,0.68,0.621,109.9024,"Aug 4, 17",-0.014675615212527969
2017-08-07,109.81,110.29,109.5801,109.78,4762791,4762791,-0.33,-0.3,109.8704,"Aug 7, 17",-0.01762863534675614
2017-08-08,110,110.71,109.77,110.35,4107273,4107273,0.57,0.519,110.3513,"Aug 8, 17",-0.012527964205816606
2017-08-09,110.74,111.4109,110.26,110.89,3966818,3966818,0.54,0.489,110.765,"Aug 9, 17",-0.007695749440715879
2017-08-10,111.23,111.44,110.03,110.11,4950662,4950662,-0.78,-0.703,110.605,"Aug 10, 17",-0.014675615212527969
2017-08-11,110.2,110.49,109.13,109.23,3382960,3382960,-0.88,-0.799,109.6752,"Aug 11, 17",-0.022550335570469763
2017-08-14,109.26,109.82,108.32,108.71,4286147,4286147,-0.52,-0.476,108.9615,"Aug 14, 17",-0.027203579418344576
2017-08-15,108.75,108.9,107.525,108.57,5310737,5310737,-0.14,-0.129,108.2333,"Aug 15, 17",-0.028456375838926237
2017-08-16,107.63,107.92,106.69,106.84,4186592,4186592,-1.73,-1.593,107.0947,"Aug 16, 17",-0.04393736017897089
2017-08-17,106.61,106.87,105.91,105.92,5870333,5870333,-0.92,-0.861,106.2481,"Aug 17, 17",-0.05217002237136464
2017-08-18,105.84,107.34,105.5,106.48,5467369,5467369,0.56,0.529,106.3636,"Aug 18, 17",-0.047158836689037996
2017-08-21,106.48,106.48,105.3,105.78,3560374,3560374,-0.7,-0.657,105.7638,"Aug 21, 17",-0.0534228187919463
2017-08-22,105.99,106.92,105.81,106.36,5630885,5630885,0.58,0.548,106.3021,"Aug 22, 17",-0.04823266219239374
2017-08-23,106.21,107.06,106.11,106.61,4185754,4185754,0.25,0.235,106.6951,"Aug 23, 17",-0.04599552572706936
2017-08-24,106.5,107.67,106.33,107.44,5059721,5059721,0.83,0.779,107.2738,"Aug 24, 17",-0.03856823266219241
2017-08-25,107.82,108.71,107.52,108.23,4384176,4384176,0.79,0.735,108.3153,"Aug 25, 17",-0.0314988814317673
2017-08-28,108.54,108.59,107.27,107.76,3681644,3681644,-0.47,-0.434,107.7145,"Aug 28, 17",-0.03570469798657713
2017-08-29,107.43,108.05,107.04,107.86,3230570,3230570,0.1,0.093,107.64,"Aug 29, 17",-0.03480984340044743
2017-08-30,107.58,107.8422,107.1,107.73,3126032,3126032,-0.13,-0.121,107.5698,"Aug 30, 17",-0.03597315436241607
2017-08-31,108,108.23,107.5,107.62,5508243,5508243,-0.11,-0.102,107.7896,"Aug 31, 17",-0.03695749440715879
2017-09-01,107.68,109.16,107.51,108.76,3660250,3660250,1.14,1.059,108.6184,"Sep 1, 17",-0.026756152125279598
2017-09-05,109.36,110.26,108.7,109.44,5515448,5515448,0.68,0.625,109.4403,"Sep 5, 17",-0.020671140939597335
2017-09-06,110,112.23,109.8,111.79,8577257,8577257,2.35,2.147,111.6218,"Sep 6, 17",0.00035794183445195753
2017-09-07,112.18,112.87,111.36,111.8,5937757,5937757,0.01,0.009,111.9005,"Sep 7, 17",0.00044742729306485154
2017-09-08,111.59,111.75,110.53,110.78,4033102,4033102,-1.02,-0.912,110.9518,"Sep 8, 17",-0.008680089485458602
2017-09-11,111.83,112.57,111.52,112.52,5973396,5973396,1.74,1.571,112.2013,"Sep 11, 17",0.00689038031319907
2017-09-12,112.82,112.9467,111.855,112.49,5110085,5110085,-0.03,-0.027,112.3147,"Sep 12, 17",0.006621923937360133
2017-09-13,112.49,114.32,112.28,114.18,5889386,5889386,1.69,1.502,113.7863,"Sep 13, 17",0.02174496644295308
2017-09-14,114.26,115.3379,114.18,114.45,5819075,5819075,0.27,0.236,114.6806,"Sep 14, 17",0.024161073825503383
2017-09-15,114.83,114.91,113.63,114.63,8387623,8387623,0.18,0.157,114.5423,"Sep 15, 17",0.02577181208053687
2017-09-18,114.42,115.22,114.32,115.19,4954613,4954613,0.56,0.489,114.9318,"Sep 18, 17",0.030782997762863515
2017-09-19,115.25,116.4209,115.19,116.34,6187969,6187969,1.15,0.998,116.145,"Sep 19, 17",0.04107382550335573
2017-09-20,116.5,117.15,116.195,116.37,5378172,5378172,0.03,0.026,116.6283,"Sep 20, 17",0.04134228187919467
2017-09-21,116.22,116.515,115.83,116.47,4334537,4334537,0.1,0.086,116.3378,"Sep 21, 17",0.04223713646532438
2017-09-22,116.41,117.83,116.27,117.29,5307066,5307066,0.82,0.704,117.2625,"Sep 22, 17",0.049574944071588425
2017-09-25,117.23,118.33,117.02,117.99,5980338,5980338,0.7,0.597,117.9806,"Sep 25, 17",0.0558389261744966
2017-09-26,117.79,118.0254,117.25,117.52,4874703,4874703,-0.47,-0.398,117.6724,"Sep 26, 17",0.051633109619686764
2017-09-27,117.46,117.5952,116.77,117.45,3926833,3926833,-0.07,-0.06,117.2958,"Sep 27, 17",0.051006711409396
2017-09-28,117.17,118.13,117.02,117.62,4948991,4948991,0.17,0.145,117.672,"Sep 28, 17",0.052527964205816596
2017-09-29,117.17,117.52,116.73,117.5,4874786,4874786,-0.12,-0.102,117.2468,"Sep 29, 17",0.05145413870246085
2017-10-02,116.42,117.79,115.533,117.43,4285626,4285626,-0.07,-0.06,117.0669,"Oct 2, 17",0.050827740492170086
2017-10-03,117.08,118.25,117.01,117.82,3892189,3892189,0.39,0.332,117.8478,"Oct 3, 17",0.054317673378076005
2017-10-04,117.82,117.87,117.1278,117.58,3443437,3443437,-0.24,-0.204,117.5241,"Oct 4, 17",0.05217002237136464
2017-10-05,117.45,118.69,117.33,118.58,5470900,5470900,1,0.85,118.3832,"Oct 5, 17",0.06111856823266218
2017-10-06,117.95,118.15,116.8,117.03,3533322,3533322,-1.55,-1.307,117.1984,"Oct 6, 17",0.04724832214765102
2017-10-09,117.34,118.08,117.01,117.71,2951938,2951938,0.68,0.581,117.6103,"Oct 9, 17",0.053333333333333274
2017-10-10,118.4,119.815,118.29,118.8,5683126,5683126,1.09,0.926,119.0421,"Oct 10, 17",0.06308724832214763
2017-10-11,119.21,119.52,118.58,119.33,3926135,3926135,0.53,0.446,119.2456,"Oct 11, 17",0.06782997762863534
2017-10-12,118.49,119.65,118.31,119.14,3929664,3929664,-0.19,-0.159,119.109,"Oct 12, 17",0.06612975391498882
2017-10-13,119.79,120,119.07,119.16,4640071,4640071,0.02,0.017,119.4658,"Oct 13, 17",0.06630872483221474
2017-10-16,119.84,120.89,119.43,120.13,5500652,5500652,0.97,0.814,120.1292,"Oct 16, 17",0.07498881431767333
2017-10-17,120.23,120.74,119.8291,120.22,4844293,4844293,0.09,0.075,120.1831,"Oct 17, 17",0.07579418344519015
2017-10-18,119.4,120.02,117.99,118.15,5505097,5505097,-2.07,-1.722,118.5495,"Oct 18, 17",0.0572706935123043
2017-10-19,118.06,118.74,117.95,118.2,4576638,4576638,0.05,0.042,118.3204,"Oct 19, 17",0.05771812080536915
2017-10-20,118.61,118.78,118.07,118.64,4924257,4924257,0.44,0.372,118.4992,"Oct 20, 17",0.06165548098434005
2017-10-23,118.72,119.3,118.45,118.93,3872393,3872393,0.29,0.244,119.0044,"Oct 23, 17",0.0642505592841164
2017-10-24,119.48,119.92,119.07,119.23,4472414,4472414,0.3,0.252,119.3857,"Oct 24, 17",0.06693512304250562
2017-10-25,119,119.44,118.145,118.51,3481665,3481665,-0.72,-0.604,118.6566,"Oct 25, 17",0.06049217002237141
2017-10-26,118.78,119,118.14,118.44,4092852,4092852,-0.07,-0.059,118.557,"Oct 26, 17",0.05986577181208052
2017-10-27,116.13,116.4,112.57,113.54,14534096,14534096,-4.9,-4.137,113.9881,"Oct 27, 17",0.01601789709172265
2017-10-30,113.17,115.1,112.841,114.39,7517830,7517830,0.85,0.749,114.4022,"Oct 30, 17",0.02362416107382551
2017-10-31,114.45,116.38,113.82,115.89,7154843,7154843,1.5,1.311,115.3569,"Oct 31, 17",0.037046979865771816
2017-11-01,116.3,116.97,115.35,115.9,5030255,5030255,0.01,0.009,116.091,"Nov 1, 17",0.03713646532438484
2017-11-02,116.21,116.47,114.705,115.33,4329604,4329604,-0.57,-0.492,115.2471,"Nov 2, 17",0.032035794183445175
2017-11-03,115.48,115.75,114.73,114.99,4101836,4101836,-0.34,-0.295,115.1384,"Nov 3, 17",0.02899328859060398
2017-11-06,115.37,117.155,114.99,117.04,5950279,5950279,2.05,1.783,116.4036,"Nov 6, 17",0.047337807606264035
2017-11-07,117.38,118,116.4757,117.24,5219523,5219523,0.2,0.171,117.0452,"Nov 7, 17",0.04912751677852344
2017-11-08,116.78,117.15,115.9,116.67,5092845,5092845,-0.57,-0.486,116.4811,"Nov 8, 17",0.04402684563758391
2017-11-09,115.9,117.5,115.62,117.24,5101638,5101638,0.57,0.489,116.8463,"Nov 9, 17",0.04912751677852344
2017-11-10,116.71,117.31,116.1,117.18,5156898,5156898,-0.06,-0.051,116.9241,"Nov 10, 17",0.0485906040268457
2017-11-13,117.22,117.765,116.68,117.23,4279222,4279222,0.05,0.043,117.3466,"Nov 13, 17",0.04903803131991055
2017-11-14,116.82,117.255,116.25,116.92,6996483,6996483,-0.31,-0.264,116.8914,"Nov 14, 17",0.046263982102908295
2017-11-15,116.21,117.2295,116.07,116.45,5372577,5372577,-0.47,-0.402,116.6587,"Nov 15, 17",0.04205816554809846
2017-11-16,115.25,115.82,114.38,114.57,5889331,5889331,-1.88,-1.614,114.7198,"Nov 16, 17",0.025234899328859
2017-11-17,114.67,114.99,113.9,114.71,4337473,4337473,0.14,0.122,114.6572,"Nov 17, 17",0.02648769574944066
2017-11-20,114.77,115.03,114.44,114.72,4634154,4634154,0.01,0.009,114.7935,"Nov 20, 17",0.02657718120805368
2017-11-21,115.14,115.86,114.92,115.17,4595958,4595958,0.45,0.392,115.4352,"Nov 21, 17",0.030604026845637598
2017-11-22,115.49,116.7798,115.32,115.91,3950984,3950984,0.74,0.643,116.1124,"Nov 22, 17",0.03722595078299773
2017-11-24,116.55,116.85,116.31,116.51,1744165,1744165,0.6,0.518,116.566,"Nov 24, 17",0.04259507829977633
2017-11-27,115.85,116.03,115.24,115.59,4490338,4490338,-0.92,-0.79,115.5813,"Nov 27, 17",0.03436241610738258
2017-11-28,115.92,116.81,115.74,116.45,4004654,4004654,0.86,0.744,116.4998,"Nov 28, 17",0.04205816554809846
2017-11-29,116.2,117.25,115.83,117.18,3660989,3660989,0.73,0.627,116.6552,"Nov 29, 17",0.0485906040268457
2017-11-30,117.26,119.15,117.23,118.99,7896558,7896558,1.81,1.545,118.6366,"Nov 30, 17",0.06478747203579414
2017-12-01,119.81,120.46,118.52,119.51,6832215,6832215,0.52,0.437,119.6595,"Dec 1, 17",0.06944071588366894
2017-12-04,119.81,122.3,119.37,120.84,7366372,7366372,1.33,1.113,121.2711,"Dec 4, 17",0.08134228187919466
2017-12-05,120.77,121.4,120.151,120.39,4380737,4380737,-0.45,-0.372,120.5581,"Dec 5, 17",0.07731543624161075
2017-12-06,120.3,120.88,119.52,119.61,4852532,4852532,-0.78,-0.648,119.8187,"Dec 6, 17",0.07033557046979866
2017-12-07,120,120.1,118.96,119.63,4908720,4908720,0.02,0.017,119.5502,"Dec 7, 17",0.07051454138702457
2017-12-08,120.01,120.2412,119.1,119.92,4122205,4122205,0.29,0.242,119.8457,"Dec 8, 17",0.07310961968680091
2017-12-11,120.29,121.11,120.12,120.42,5929728,5929728,0.5,0.417,120.4964,"Dec 11, 17",0.07758389261744968
2017-12-12,120.63,120.74,119.56,119.68,4300171,4300171,-0.74,-0.615,119.9256,"Dec 12, 17",0.07096196868008954
2017-12-13,119.43,120.17,118.68,119.93,4399835,4399835,0.25,0.209,119.6593,"Dec 13, 17",0.07319910514541393
2017-12-14,119.77,120.2802,119.5,119.53,3736920,3736920,-0.4,-0.334,119.7367,"Dec 14, 17",0.06961968680089486
2017-12-15,120.36,120.47,119.51,119.73,11226856,11226856,0.2,0.167,120.0312,"Dec 15, 17",0.0714093959731544
2017-12-18,120.12,121.29,119.62,119.7,4654119,4654119,-0.03,-0.025,120.1406,"Dec 18, 17",0.07114093959731546
2017-12-19,120.125,120.75,119.51,119.84,4599323,4599323,0.14,0.117,120.0152,"Dec 19, 17",0.07239373601789713
2017-12-20,120.48,121.3,119.65,120.89,6286656,6286656,1.05,0.876,120.7237,"Dec 20, 17",0.08178970917225951
2017-12-21,121.45,125.35,121.07,124.82,10109047,10109047,3.93,3.251,124.3019,"Dec 21, 17",0.11695749440715877
2017-12-22,124.78,125.65,124.5748,124.98,4735086,4735086,0.16,0.128,125.0827,"Dec 22, 17",0.11838926174496647
2017-12-26,125.23,126.14,125.0514,125.98,3348496,3348496,1,0.8,125.8717,"Dec 26, 17",0.127337807606264
2017-12-27,125.96,126.2,125.13,125.55,3452329,3452329,-0.43,-0.341,125.5217,"Dec 27, 17",0.12348993288590601
2017-12-28,125.69,125.89,125.29,125.58,2191821,2191821,0.03,0.024,125.6058,"Dec 28, 17",0.12375838926174496
2017-12-29,125.36,125.98,125.19,125.19,3829007,3829007,-0.39,-0.311,125.3801,"Dec 29, 17",0.12026845637583891
2018-01-02,125.71,127.74,125.54,127.58,5626785,5626785,2.39,1.909,126.8682,"Jan 2, 18",0.14165548098434003
2018-01-03,127.46,128.94,126.9,128.51,5805458,5805458,0.93,0.729,128.2258,"Jan 3, 18",0.14997762863534667
2018-01-04,127.95,128.35,127.22,128.11,4598264,4598264,-0.4,-0.311,127.8091,"Jan 4, 18",0.14639821029082786
2018-01-05,127.97,128.1,127.1,127.9,4189223,4189223,-0.21,-0.164,127.6452,"Jan 5, 18",0.1445190156599553
2018-01-08,127.86,128.63,127.63,128.53,4826132,4826132,0.63,0.493,128.2491,"Jan 8, 18",0.1501565995525727
2018-01-09,128.43,128.935,127.79,127.84,4422338,4422338,-0.69,-0.537,128.2693,"Jan 9, 18",0.14398210290827743
2018-01-10,128.31,128.76,127.7999,128.66,5292182,5292182,0.82,0.641,128.3945,"Jan 10, 18",0.15131991051454136
2018-01-11,128.92,133.32,128.76,132.57,11641292,11641292,3.91,3.039,131.6767,"Jan 11, 18",0.1863087248322147
2018-01-12,132.19,133.85,132.11,133.6,7232883,7232883,1.03,0.777,133.2704,"Jan 12, 18",0.19552572706935117
2018-01-16,133.67,133.88,131.6,132.01,6254209,6254209,-1.59,-1.19,132.4678,"Jan 16, 18",0.18129753914988805
2018-01-17,132.19,132.8,130.96,132.36,5632748,5632748,0.35,0.265,132.2107,"Jan 17, 18",0.1844295302013424
2018-01-18,132.35,132.5,131.03,131.59,5890004,5890004,-0.77,-0.582,131.6996,"Jan 18, 18",0.1775391498881432
2018-01-19,131.83,132,130.21,131.3,6048904,6048904,-0.29,-0.22,131.1641,"Jan 19, 18",0.174944071588367
2018-01-22,131.3,132.56,131.28,132.56,5248785,5248785,1.26,0.96,132.1738,"Jan 22, 18",0.1862192393736018
2018-01-23,132.38,132.56,130.73,131.02,5747334,5747334,-1.54,-1.162,131.3974,"Jan 23, 18",0.17243847874720367
2018-01-24,131.38,132.6678,131.07,131.39,6868223,6868223,0.37,0.282,131.6728,"Jan 24, 18",0.17574944071588355
2018-01-25,131.76,131.87,130.34,130.65,4597183,4597183,-0.74,-0.563,130.8575,"Jan 25, 18",0.16912751677852353
2018-01-26,130.71,131.75,130.37,131.19,6310543,6310543,0.54,0.413,131.0962,Jan 26,0.17395973154362415
2018-01-29,130.06,131.58,128.32,128.48,6350723,6350723,-2.71,-2.066,129.6132,Jan 29,0.14970917225950775
2018-01-30,127.61,128.01,125.19,125.23,8084022,8084022,-3.25,-2.53,126.1753,Jan 30,0.12062639821029086
2018-01-31,125.42,125.815,124.05,125.35,9626771,9626771,0.12,0.096,125.2757,Jan 31,0.12170022371364649
2018-02-01,125.6,125.63,124.06,125.57,7844464,7844464,0.22,0.176,125.0612,Feb 1,0.12366890380313193
2018-02-02,123.95,123.95,117.64,118.58,13182551,13182551,-6.99,-5.567,120.0252,Feb 2,0.06111856823266218
2018-02-05,115.17,115.89,112.21,112.3,9882147,9882147,-6.28,-5.296,113.8014,Feb 5,0.004921700223713621
2018-02-06,111.2,117.63,110.76,117.18,18416320,18416320,4.88,4.346,114.9127,Feb 6,0.0485906040268457
2018-02-07,117.4,119.27,115.23,115.29,11535704,11535704,-1.89,-1.613,116.9578,Feb 7,0.03167785234899335
2018-02-08,115.17,115.89,112.21,112.3,9927483,9927483,-2.99,-2.593,113.8014,Feb 8,0.004921700223713621
2018-02-09,113.34,114.62,109.5,113.5,10922392,10922392,1.2,1.069,112.3141,Feb 9,0.015659955257270694
2018-02-12,114.8,115.85,112.91,113.98,8358207,8358207,0.48,0.423,114.252,Feb 12,0.019955257270693548
2018-02-13,113.34,113.605,111.8586,113.29,7065907,7065907,-0.69,-0.605,113.0245,Feb 13,0.013780760626398266
2018-02-14,112.5,114.05,111.4,113.63,7031911,7031911,0.34,0.3,112.9555,Feb 14,0.01682326621923933
2018-02-15,112.86,113.02,110.84,112.53,5404995,5404995,-1.1,-0.968,111.9696,Feb 15,0.006979865771812091
2018-02-16,112.35,112.94,111.21,112.14,5950365,5950365,-0.39,-0.347,112.1746,Feb 16,0.0034899328859060454
2018-02-20,112.28,112.76,110.58,110.98,6810929,6810929,-1.16,-1.034,111.444,Feb 20,-0.00689038031319907
2018-02-21,111.14,112.06,109.06,109.06,6892254,6892254,-1.92,-1.73,110.3685,Feb 21,-0.02407158836689036
2018-02-22,109.55,111.44,108.9,109.89,8176706,8176706,0.83,0.761,110.1358,Feb 22,-0.016644295302013418
2018-02-23,110.46,112.74,110.25,112.59,6460219,6460219,2.7,2.457,111.8958,Feb 23,0.007516778523489963
2018-02-26,113.18,114.66,112.85,114.6,7405831,7405831,2.01,1.785,114.0601,Feb 26,0.025503355704697937